Nivel1;Nivel2;Nivel3
Administração;Administração de Empresas;Propriedade Industrial e Inovação
Administração;Administração de Setores Específicos;Sistema de Gestão Ambiental
Administração;Ciências Contábeis;Escrituração Fiscal Digital
Administração;Ciências Contábeis;Contabilildade de Custos
Administração;Ciências Contábeis;Apuração de Custos
Administração;Ciências Contábeis;Contabilidade
Administração Pública;Aposentadoria e Previdência;Legislação Previdenciária
Administração Pública;Aposentadoria e Previdência;Aposentadorias e Pensões
Administração Pública;Aposentadoria e Previdência;Compensação entre Regimes de Previdência
Administração Pública;Atendimento ao Público;Segurança do Trabalho e Primeiros Socorros
Administração Pública;Atendimento ao Público;Aposentadoria e Pensões
Administração Pública;Atendimento ao Público;Previdência
Administração Pública;Atendimento ao Público;Lançamentos Siape
Administração Pública;Atendimento ao Público;Propriedade Intelectual
Administração Pública;Atendimento ao Público;Direitos e Deveres na Relação Estado-Cidadão
Administração Pública;Atendimento ao Público;Desburocratização e Eficiência no Atendimento
Administração Pública;Atendimento ao Público;Monitoramento de Avaliação dos Clientes
Administração Pública;Atendimento ao Público;Público
Administração Pública;Atendimento ao Público;Idiomas
Administração Pública;Atendimento ao Público;Propriedade Industrial
Administração Pública;Atendimento ao Público;Gestão de Pessoas
Administração Pública;Atendimento ao Público;Atendimento ao Usuário e Boa Comunicação
Administração Pública;Atendimento ao Público;Trabalho em Equipe
Administração Pública;Atendimento ao Público;Atendimento ao Usuário
Administração Pública;Atendimento ao Público;Desenvolvimento de Equipes
Administração Pública;Auditoria;Auditoria Interna
Administração Pública;Auditoria;Integridade
Administração Pública;Auditoria;Gestão de Riscos
Administração Pública;Auditoria;Auditoria Interna Governamental
Administração Pública;Auditoria;Contabilidade Pública com Base em Processos de Execução
Administração Pública;Auditoria;Boas Práticas de Conformidade para Gestão Eficiente
Administração Pública;Auditoria;Técnicas de Auditoria sobre a Folha de Pagamento no Âmbito do Serviço Público Federal
Administração Pública;Avaliação de Desempenho no Setor Público;Gerenciamento do Desempenho de Processos
Administração Pública;Cidadania;Diversidade
Administração Pública;Cidadania;Gênero e Inclusão
Administração Pública;Combate à Corrupção;Combate à Corrupção
Administração Pública;Combate à Corrupção;Modernização das Contratações Públicas
Administração Pública;Combate à Corrupção;Inclusão e Responsabilidade Social em contratos
Administração Pública;Comunicação Institucional;Ferramenta SEI
Administração Pública;Comunicação Institucional;Linguagem Simples
Administração Pública;Comunicação Institucional;Editoração Gráfica
Administração Pública;Comunicação Institucional;Inglês
Administração Pública;Comunicação Institucional;Espanhol
Administração Pública;Comunicação Institucional;Francês
Administração Pública;Comunicação Institucional;Edição e Montagem de Vídeos
Administração Pública;Comunicação Institucional;Organização e Transmissão de Dados
Administração Pública;Comunicação Institucional;Edição de Vídeos
Administração Pública;Comunicação Institucional;Escrita Gerencial
Administração Pública;Comunicação Institucional;Técnicas de Redação
Administração Pública;Comunicação Institucional;Marketing Digital
Administração Pública;Comunicação Institucional;Facilitação Gráfica
Administração Pública;Concessão de Serviços Públicos;Exame de Petições
Administração Pública;Concessão de Serviços Públicos;Patentes
Administração Pública;Concessão de Serviços Públicos;Marcas
Administração Pública;Concessão de Serviços Públicos;Desenhos Industriais
Administração Pública;Concessão de Serviços Públicos;Indicações Geográficas
Administração Pública;Concessão de Serviços Públicos;Programas de Computador
Administração Pública;Concessão de Serviços Públicos;Topografias de Circuitos Integrados
Administração Pública;Concessão de Serviços Públicos;Transferência de Tecnologia
Administração Pública;Concessão de Serviços Públicos;Distintividade Adquirida
Administração Pública;Concessão de Serviços Públicos;Afinidade entre Segmentos de Mercado e Provas de Uso Anterior
Administração Pública;Concessão de Serviços Públicos;Exame de Marcas Tridimensionais
Administração Pública;Concessão de Serviços Públicos;Diretrizes de Exame
Administração Pública;Cooperação Internacional;Técnicas de Negociação
Administração Pública;Estratégia, Projetos e Processos;Metodologias Ágeis
Administração Pública;Estratégia, Projetos e Processos;Técnicas de Gerência do Tempo de Trabalho
Administração Pública;Estratégia, Projetos e Processos;Gestão de Processos
Administração Pública;Estratégia, Projetos e Processos;Termos de Referência e Estudos Técnicos Preliminares para Contratações e Licitações
Administração Pública;Estratégia, Projetos e Processos;Elaboração de Documentos
Administração Pública;Estratégia, Projetos e Processos;Gestão
Administração Pública;Estratégia, Projetos e Processos;Integridade
Administração Pública;Estratégia, Projetos e Processos;Framework Fit For Purpose
Administração Pública;Estratégia, Projetos e Processos;Business Intelligence
Administração Pública;Estratégia, Projetos e Processos;Tratamento de Dados
Administração Pública;Estratégia, Projetos e Processos;Gestão de Projetos
Administração Pública;Estratégia, Projetos e Processos;Metodologias para Aceleração de Entregas de Valor
Administração Pública;Estratégia, Projetos e Processos;Planilhas Eletrônicas
Administração Pública;Estratégia, Projetos e Processos;Técnicas Estratégicas em Buscas por Anterioridades
Administração Pública;Estratégia, Projetos e Processos;Formulação e Gerenciamento da Estratégia
Administração Pública;Estratégia, Projetos e Processos;Indicadores Gerenciais
Administração Pública;Estratégia, Projetos e Processos;Administração
Administração Pública;Estratégia, Projetos e Processos;Gestão de Projetos e Indicadores
Administração Pública;Estratégia, Projetos e Processos;Sistemas Kanban
Administração Pública;Estratégia, Projetos e Processos;Modelagem de Estrutura Organizacional
Administração Pública;Estratégia, Projetos e Processos;Gestão por Resultados
Administração Pública;Estratégia, Projetos e Processos;Planejamento e Gestão Organizacional
Administração Pública;Estratégia, Projetos e Processos;Planos de Amostragem e Procedimentos na Inspeção de Atributos
Administração Pública;Estratégia, Projetos e Processos;Indicadores de Desempenho
Administração Pública;Experiência e Satisfação do Usuário;Atendimento ao Usuário
Administração Pública;Experiência e Satisfação do Usuário;Atendimento ao Público
Administração Pública;Experiência e Satisfação do Usuário;Linguagem Simples
Administração Pública;Experiência e Satisfação do Usuário;Design Thinking
Administração Pública;Experiência e Satisfação do Usuário;Storytelling
Administração Pública;Experiência e Satisfação do Usuário;Resolução de Conflitos
Administração Pública;Experiência e Satisfação do Usuário;Avaliação da Qualidade de Serviços
Administração Pública;Experiência e Satisfação do Usuário;Geração de Valor para o Usuário
Administração Pública;Experiência e Satisfação do Usuário;Experiência do Cliente
Administração Pública;Função Pública;Serviço Público
Administração Pública;Função Pública;Mapeamento de Processos
Administração Pública;Função Pública;Ambiência Organizac
Administração Pública;Função Pública;Postura do Servidor Público
Administração Pública;Função Pública;Assédio no Serviço Público
Administração Pública;Função Pública;Comunicação Não-Reativa
Administração Pública;Função Pública;Redação de Atos Normativos
Administração Pública;Função Pública;Gestão de Projetos
Administração Pública;Função Pública;Ferramenta SEI
Administração Pública;Função Pública;Gestão de Processos
Administração Pública;Função Pública;Redação de Pareceres
Administração Pública;Função Pública;Modelagem de Processos
Administração Pública;Função Pública;Mapeamento e Modelagem de Processos
Administração Pública;Gestão Pública;Liderança
Administração Pública;Gestão Pública;Trabalho em Equipe
Administração Pública;Gestão Pública;Processos Administrativos
Administração Pública;Gestão Pública;Fiscalização de Contratos
Administração Pública;Gestão Pública;Gestão de Equipes Remotas
Administração Pública;Gestão de Pessoas;Indicadores de Engajamento Mensuráveis
Administração Pública;Gestão de Pessoas;Desenvolvimento de Equipes
Administração Pública;Gestão de Pessoas;Ferramentas de Gestão de Pessoas e Equipes
Administração Pública;Gestão de Pessoas;Gestão de Projetos
Administração Pública;Gestão de Pessoas;Segurança e Saúde do Trabalho
Administração Pública;Gestão de Pessoas;Eficiência no Processo de Comunicação
Administração Pública;Gestão de Pessoas;Ferramentas de Comunicação Assíncrona
Administração Pública;Gestão de Pessoas;Gestão de Desempenho e Trabalho Remoto
Administração Pública;Gestão de Pessoas;Legislação de Pessoal
Administração Pública;Gestão de Pessoas;Capacitação de Servidores Públicos
Administração Pública;Gestão de Pessoas;Trabalho em Equipe
Administração Pública;Gestão de Pessoas;Gestão para Resultados
Administração Pública;Gestão de Pessoas;Gestão de Crises
Administração Pública;Gestão de Pessoas;Engajamento de Pessoas e Equipes
Administração Pública;Gestão de Pessoas;Gestão de Ativos
Administração Pública;Gestão de Pessoas;Desenvolvimento de Soft Skills
Administração Pública;Governança e Gestão de Riscos;Gestão de Riscos
Administração Pública;Governança e Gestão de Riscos;Governança Pública
Administração Pública;Governança e Gestão de Riscos;Proteção de Dados Pessoais no Setor Público
Administração Pública;Governança e Gestão de Riscos;Introdução à Gestão de Projetos
Administração Pública;Governança e Gestão de Riscos;Administração
Administração Pública;Governança e Gestão de Riscos;Governança Pública e Seus Princípios
Administração Pública;Governança e Gestão de Riscos;Implementação da Governança
Administração Pública;Governo e Transformação Digital;Estatística Inferencial
Administração Pública;Governo e Transformação Digital;Análises de Dados
Administração Pública;Governo e Transformação Digital;Tecnologia Digital e Governança de Dados
Administração Pública;Governo e Transformação Digital;Disciplina BPM e Automação de Processos
Administração Pública;Governo e Transformação Digital;Linguagens de Programação
Administração Pública;Governo e Transformação Digital;Acessibilidade Digital
Administração Pública;Governo e Transformação Digital;Transformação Digital da Indústria
Administração Pública;Inovação;Transferência de Tecnologia
Administração Pública;Inovação;Propriedade Intelectual
Administração Pública;Inovação;Gestão da Inovação no Setor Público
Administração Pública;Inovação;Propriedade Industrial e Inovação
Administração Pública;Inovação;Sistema de PI no Brasil e no Mundo
Administração Pública;Inovação;PI e Inovação
Administração Pública;Inovação;Franquias
Administração Pública;Inovação;Técnicas de Apresentação de Ideias e Confecção de Relatórios Gerenciais Através do Storytelling
Administração Pública;Inovação;Gestão da Inovação
Administração Pública;Inovação;Inteligência Artificial
Administração Pública;Inovação;Transferência de Tecnologia e Propriedade Industrial
Administração Pública;Inovação;Desenvolvimento da Inovação
Administração Pública;Inovação;Implantação da Inovação
Administração Pública;Inovação;Medição da Inovação
Administração Pública;Liderança;Liderança
Administração Pública;Liderança;Desenvolvimento da Liderança no Serviço Público
Administração Pública;Liderança;Desenvolvimento de Líderes
Administração Pública;Liderança;Liderança de Equipes
Administração Pública;Liderança;Exercício da Liderança
Administração Pública;Logística e Compras Públicas;Responsabilidade Socioambiental na Administração Pública
Administração Pública;Logística e Compras Públicas;Ferramenta Siads
Administração Pública;Logística e Compras Públicas;Nova Lei de Licitações e Contratos e Suas Aplicações
Administração Pública;Logística e Compras Públicas;Contratos Administrativos
Administração Pública;Modernização e Desburocratização;Redação de Atos Normativos
Administração Pública;Modernização e Desburocratização;Planilhas Eletrônicas
Administração Pública;Modernização e Desburocratização;Excel Intermediário e Avançado
Administração Pública;Modernização e Desburocratização;Automatização de Serviços
Administração Pública;Modernização e Desburocratização;Defesa do Usuário e Simplificação
Administração Pública;Modernização e Desburocratização;Business Intelligence
Administração Pública;Orçamento e Finanças;Folha de Pessoal no Siafi
Administração Pública;Orçamento e Finanças;Contabilidade no Setor Público
Administração Pública;Orçamento e Finanças;Retenção de Tributos e Contribuições
Administração Pública;Orçamento e Finanças;Orçamento e Finanças
Administração Pública;Orçamento e Finanças;Orçamento Público e Gestão Orçamentária
Administração Pública;Orçamento e Finanças;Planilhas Eletrônicas
Administração Pública;Orçamento e Finanças;Transferências Intra e Extra Governamentais
Administração Pública;Orçamento e Finanças;Tesouro Gerencial
Administração Pública;Orçamento e Finanças;Financeiro
Administração Pública;Orçamento e Finanças;Administração Financeira e Compras
Administração Pública;Orçamento e Finanças;Orçamento
Administração Pública;Orçamento e Finanças;Planejamento
Administração Pública;Orçamento e Finanças;Escrituração Fiscal Digital
Administração Pública;Orçamento e Finanças;Mapeamento de Processos
Administração Pública;Orçamento e Finanças;Documentos em Word
Administração Pública;Orçamento e Finanças;Elaboração de Documentos em Word
Administração Pública;Orçamento e Finanças;Business Intelligence
Administração Pública;Ouvidoria e Acesso à Informação;Proteção de Dados
Administração Pública;Ouvidoria e Acesso à Informação;Gestão em Ouvidoria
Administração Pública;Ouvidoria e Acesso à Informação;Tratamento de Denúncias
Administração Pública;Ouvidoria e Acesso à Informação;Inclusiva e Comunicação Não-Violenta
Administração Pública;Ouvidoria e Acesso à Informação;Linguagem Simples
Administração Pública;Ouvidoria e Acesso à Informação;Atendimento ao Cidadão
Administração Pública;Produtividade;Gestão de Processos
Administração Pública;Produtividade;Mapeamento de Processos
Administração Pública;Regulação;Análise e Impacto Regulatório
Administração Pública;Regulação;Impacto Regulatório
Administração Pública;Regulação;Controladoria
Administração Pública;Relações de Trabalho no Setor Público;Gestão de Pessoas
Administração Pública;Relações de Trabalho no Setor Público;Pluralidade e Inclusão no Serviço Público
Administração Pública;Relações de Trabalho no Setor Público;Trabalho Mecânico de Metais sem Remoção Essencial do Material
Administração Pública;Relações de Trabalho no Setor Público;Puncionamento de Metais
Administração Pública;Relações de Trabalho no Setor Público;Trabalho em Equipe
Administração Pública;Terceirização;Terceirização
Administração Pública;Terceirização;Novas Alternativas de Contratação de Soluções
Administração Pública;Transparência, Controle e Participação;Controle
Administração Pública;Transparência, Controle e Participação;Controle Social
Administração Pública;Transparência, Controle e Participação;Transparência e Dados Abertos
Administração Pública;Transparência, Controle e Participação;Conflitos de Interesses no Exercício de Cargo ou Emprego do Poder Executivo Federal
Administração Pública;Transparência, Controle e Participação;Diligência Prévia
Administração Pública;Técnicas, recursos e estrat para desende pessoas;Liderança de Equipes
Administração Pública;Técnicas, recursos e estrat para desende pessoas;Gestão do Tempo
Administração Pública;Ética no Setor Público;Ética no Serviço Público
Agronomia;Ciência do Solo;Ciência do Solo
Agronomia;Ciência do Solo;Indústrias do Petróleo, do Gás ou do Coque
Agronomia;Ciência do Solo;Turfa
Agronomia;Ciência do Solo;Lubrificantes
Agronomia;Ciência do Solo;Combustíveis
Agronomia;Ciência do Solo;Gases Técnicos Contendo Monóxido de Carbono
Arquitetura e Urbanismo;Tecnologia de Arquitetura e Urbanismo;Novas Tecnologias
Artes;Artes Plásticas;Artes Decorativas
Astronomia;Astrofísica do Sistema Solar;Estruturação do Sistema de Medição
Biologia Geral;Biologia Geral;Processos de Obtenção de Produtos Naturais
Biologia Geral;Biologia Geral;Troca de Calor em Geral
Bioquímica;Biologia Molecular;Biofármacos
Bioquímica;Biologia Molecular;Técnicas Atuais em Biologia Molecular
Bioquímica;Biologia Molecular;Peptideomiméticos e Modificação de Proteínas e Anticorpos
Bioquímica;Biologia Molecular;Busca de Sequências
Bioquímica;Biologia Molecular;Biofármacos
Bioquímica;Biologia Molecular;Vacinas
Bioquímica;Enzimologia;Tecnologia Enzimática
Bioquímica;Enzimologia;Bioquímica
Bioquímica;Enzimologia;Engenharia Genética ou de Mutação
Bioquímica;Enzimologia;Enzimologia
Bioquímica;Enzimologia;Microbiologia
Bioquímica;Enzimologia;Vinagre
Bioquímica;Enzimologia;Vinho
Bioquímica;Enzimologia;Álcool
Bioquímica;Enzimologia;Cerveja
Bioquímica;Química de Macromoléculas;Moldes de Injeção e Aditivação de Polímeros
Ciência Política;Estado e Governo;Regime Jurídico dos Servidores Federais
Ciência Política;Estado e Governo;Lei da Propriedade Industrial
Ciência Política;Estado e Governo;Manual de Redação da Presidência da República
Ciência Política;Estado e Governo;Ato Administrativo e Poder de Polícia
Ciência Política;Estado e Governo;Governança
Ciência Política;Políticas Públicas;Políticas Públicas
Ciência Política;Políticas Públicas;Administração Pública
Ciência Política;Políticas Públicas;Parcerias Interinstitucionais
Ciência Política;Políticas Públicas;Negociação Internacional
Ciência Política;Políticas Públicas;Pequenas Empresas
Ciência Política;Políticas Públicas;Empreendimentos Inovadores
Ciência Política;Políticas Públicas;Marcos Regulatórios de Inovação
Ciência Política;Políticas Públicas;Serviço Público
Ciência Política;Políticas Sociais;Prevenção de Impactos Sociais
Ciência Política;Políticas Sociais;Tratamento de Impactos Sociais
Ciência Política;Políticas de Infraestrutura;Desenvolvimento da Infraestrutura de Informação e Comunicação
Ciência Política;Políticas de Infraestrutura;Infraestrutura, Saneamento, Moradia e Mobilidade Sustentáveis
Ciência Política;Uso de evidências em políticas públicas;Resolução de Problemas com Base em Dados
Ciência Política;Uso de evidências em políticas públicas;Coordenação e Colaboração em Rede
Ciência Política;Uso de evidências em políticas públicas;Atuação em Rede
Ciência da Computação;Metodologia e Técnicas da Computação;Business Intelligence
Ciência da Computação;Sistemas de Computação;Docker
Ciência da Computação;Sistemas de Computação;Planilhas Eletrônicas
Ciência da Computação;Sistemas de Computação;HTML
Ciência da Computação;Sistemas de Computação;Phyton
Ciência da Computação;Sistemas de Computação;Linguagem de Programação SQL
Ciência da Computação;Sistemas de Computação;Internet das Coisas
Ciência da Computação;Sistemas de Computação;Inteligência Artificial
Ciência da Computação;Sistemas de Computação;Blockchain
Ciência da Computação;Sistemas de Computação;Computação e Eletrônica
Ciência da Informação;Análise e Ciência de Dados;Linguagem de Programação
Ciência da Informação;Análise e Ciência de Dados;Tratamento de Dados
Ciência da Informação;Análise e Ciência de Dados;Big Data
Ciência da Informação;Análise e Ciência de Dados;Business Intelligence
Ciência da Informação;Análise e Ciência de Dados;Linguagem de Programação SQL
Ciência da Informação;Análise e Ciência de Dados;Pyton
Ciência da Informação;Análise e Ciência de Dados;Visualização de Dados
Ciência da Informação;Análise e Ciência de Dados;Relatórios Dinâmicos e Dashboards
Ciência da Informação;Análise e Ciência de Dados;Analytics
Ciência da Informação;Análise e Ciência de Dados;Data Science
Ciência da Informação;Análise e Ciência de Dados;Planilhas Eletrônicas
Ciência da Informação;Análise e Ciência de Dados;Gráficos e Dashboards de Atualização Automática
Ciência da Informação;Análise e Ciência de Dados;Uso do R para Integração de Dados e Análise Estatística
Ciência da Informação;Análise e Ciência de Dados;Análise de Dados de Fácil Visualização e Compreensão Simples
Ciência da Informação;Análise e Ciência de Dados;Extração de Dados de Sistemas Governamentais
Ciência da Informação;Análise e Ciência de Dados;Linguagem de Programação
Ciência da Informação;Arquivologia;Arquivologia
Ciência da Informação;Arquivologia;Gestão de Documentos Digitais
Ciência da Informação;Biblioteconomia;Biblioteconomia
Ciência da Informação;Biblioteconomia;Ciência da Informação e Afins
Ciência da Informação;Gestão da Informação e do Conhecimento;Arquivologia
Ciência da Informação;Gestão da Informação e do Conhecimento;Sistemas Internos
Ciência da Informação;Gestão da Informação e do Conhecimento;Linguagem Simples
Ciência da Informação;Gestão da Informação e do Conhecimento;Gestão de Documentos
Ciência da Informação;Gestão da Informação e do Conhecimento;Automatização de Documentos
Ciência da Informação;Gestão da Informação e do Conhecimento;Linguagem Simples e Assertiva
Ciência da Informação;Gestão da Informação e do Conhecimento;Gestão de Processos
Ciência da Informação;Gestão da Informação e do Conhecimento;Atualização em Bases de Dados Eletrônicas
Ciência da Informação;Gestão da Informação e do Conhecimento;Valoração e Comercialização de Ativos Intangíveis
Ciência da Informação;Gestão da Informação e do Conhecimento;Repositórios Digitais e Sistemas de Gestão do Conhecimento
Ciência da Informação;Gestão da Informação e do Conhecimento;Planilhas Eletrônicas
Ciência da Informação;Gestão da Informação e do Conhecimento;Automatização de Planilhas e Documentos
Ciência da Informação;Gestão da Informação e do Conhecimento;Concurso Público e Elaboração de Edital
Ciência da Informação;Gestão da Informação e do Conhecimento;Gestão da Marca
Ciência da Informação;Gestão da Informação e do Conhecimento;Gestão do Portfólio
Ciência da Informação;Gestão da Informação e do Conhecimento;Gestão da Mudança
Ciência da Informação;Tecnologia da Informação;Planilhas Eletrônicas
Ciência da Informação;Tecnologia da Informação;Gerenciamento de Equipes de TI
Ciência da Informação;Tecnologia da Informação;Internet das Coisas
Ciência da Informação;Tecnologia da Informação;Inteligência Artificial
Ciência da Informação;Tecnologia da Informação;Bizagi
Ciência da Informação;Tecnologia da Informação;Flow
Ciência da Informação;Tecnologia da Informação;Sistemas Eletrônicos para Melhoria de Produtividade
Ciência da Informação;Tecnologia da Informação;Devops
Ciência da Informação;Tecnologia da Informação;Business Intelligence
Ciência da Informação;Tecnologia da Informação;Continuidade de Negócio e Plano de Recuperação de Desastres
Ciência da Informação;Tecnologia da Informação;Azure
Ciência da Informação;Tecnologia da Informação;Google
Ciência da Informação;Tecnologia da Informação;Arquitetura Cloud com Referência nas Tecnologias AWS
Ciência da Informação;Tecnologia da Informação;Sistemas Eletrônicos
Ciência da Informação;Tecnologia da Informação;Arquitetura Cloud
Ciência da Informação;Tecnologia da Informação;Plataforma Moodle
Ciência da Informação;Tecnologia da Informação;Gerenciamento de Serviços de TIC com Base nas Boas Práticas Devops
Ciência da Informação;Tecnologia da Informação;Pacote Office
Ciência da Informação;Tecnologia da Informação;Gerenciamento de Serviços de TI
Ciência da Informação;Tecnologia da Informação;Gestão da Informação e Documentação
Ciência da Informação;Tecnologia da Informação;Mapeamento da Cultura Atual
Ciência da Informação;Tecnologia da Informação;Implantação da Cultura Desejada
Ciência e Tecnologia de Alimentos;Ciência de Alimentos;Composição e Processo de Fabricação de Alimentos
Ciência e Tecnologia de Alimentos;Engenharia de Alimentos;Engenharia de Alimentos
Ciência e Tecnologia de Alimentos;Engenharia de Alimentos;Processos e Equipamentos para Produção de Alimentos
Ciência e Tecnologia de Alimentos;Engenharia de Alimentos;Novas Tecnologias
Ciência e Tecnologia de Alimentos;Engenharia de Alimentos;Agricultura e Alimentos
Ciência e Tecnologia de Alimentos;Tecnologia de Alimentos;Tecnologia Combinatória
Comunicação;Comunicação Visual;Comunicação Visual
Comunicação;Teoria da Comunicação;Comunicação
Comunicação;Teoria da Comunicação;Comunicação Estratégica
Comunicação;Teoria da Comunicação;Comunicação com Partes Interessadas
Demografia;Distribuição Espacial;Armazenamento ou Distribuição de Gases ou Líquidos
Direito;Direito Privado;Ação Judicial
Direito;Direito Privado;Propriedade Intelectual
Direito;Direito Privado;Terminologia Jurídica em Contratos de Natureza Privada
Direito;Direito Privado;Direito Empresarial
Direito;Direito Público;Direito Administrativo e Processual
Direito;Direito Público;Direito Administrativo
Direito;Direito Público;Perícia Judicial
Direito;Direito Público;Direito Público
Direito;Direito Público;Protocolo de Madri
Direito;Direito Público;Direito Administrativo Aplicado
Direito;Direito Público;Proteção de Dados Pessoais
Direito;Direito Público;Direitos de Propriedade Intelectual
Direito;Direitos Especiais;Formação Geral do Servidor Público
Direito;Direitos Especiais;Direito Administrativo
Direito;Direitos Especiais;Ações Judiciais e Contrafação
Direito;Direitos Especiais;Patentes
Direito;Direitos Especiais;Marcas
Direito;Direitos Especiais;Procedimentos de Exame Técnico
Direito;Direitos Especiais;Linguagem Jurídica e Propriedade Industrial
Direito;Teoria do Direito;Direito de Marcas
Direito;Teoria do Direito;Distintividade do Sinal
Economia;Crescimento, Flutuações e Planejamento Econômico;Planejamento Econômico-Financeiro
Economia;Crescimento, Flutuações e Planejamento Econômico;Monitoramento Econômico-Financeiro
Economia;Economia Industrial;Tecnologias Aplicadas
Economia;Economia Industrial;Transferência de Tecnologia nas Empresas
Economia;Economia Industrial;Preço de Transferência e Contratos FRAND
Economia;Economia Industrial;Papel da Transferência de Tecnologia nas Empresas
Economia;Métodos Quantitativos em Economia;Modelagem Econométrica
Educação;Ensino-Aprendizagem;Gamificação
Educação;Ensino-Aprendizagem;Metodologias de Cursos na Modalidade à Distância
Educação;Ensino-Aprendizagem;Engajamento e Storytelling
Educação;Ensino-Aprendizagem;Tendências do Mercado Mundial de Tecnologias e Sua Interface com a PI
Educação;Ensino-Aprendizagem;Criação de Conteúdo de EAD
Educação;Ensino-Aprendizagem;Educação
Educação;Ensino-Aprendizagem;Ambiente Virtual de Aprendizagem
Educação;Ensino-Aprendizagem;Produção
Educação;Ensino-Aprendizagem;Visual Thinking
Educação;Ensino-Aprendizagem;Designer de Interface de Usuário
Educação;Ensino-Aprendizagem;Adobe Captivate
Educação;Ensino-Aprendizagem;Learning Analytics
Educação;Ensino-Aprendizagem;Gestão de E-learning
Educação;Ensino-Aprendizagem;Agile Learning
Educação;Ensino-Aprendizagem;Línguas Estrangeiras
Educação;Ensino-Aprendizagem;Pedagogia
Educação;Ensino-Aprendizagem;Metodologias de Ensino Presenciais e Híbridas
Educação;Ensino-Aprendizagem;Microlearning
Educação;Orientação e Aconselhamento;Orientação por Valores Éticos
Educação;Planejamento e Avaliação Educacional;Avaliação da Satisfação das Partes Interessadas
Educação;Tópicos Específicos de Educação;Formação e Aperfeiçoamento de Mentores e Docentes
Educação;Tópicos Específicos de Educação;Educação
Educação;Tópicos Específicos de Educação;Didática
Educação Física;Educação Física;Educação
Educação Física;Educação Física;Logotipos
Educação Física;Educação Física;Anúncios
Educação Física;Educação Física;Apresentação Visual
Educação Física;Educação Física;Criptografia
Engenharia Aeroespacial;Materiais e Processos para Engenharia Aeronáutica e Aeroespacial;Trabalho ou Conservação da Madeira ou de Materiais Similares
Engenharia Aeroespacial;Materiais e Processos para Engenharia Aeronáutica e Aeroespacial;Máquinas para Pregar Pregos ou para Grampear em Geral
Engenharia Aeroespacial;Sistemas Aeroespaciais;Novas Tecnologias
Engenharia Agrícola;Engenharia de Processamento de Produtos Agrícolas;Cozedura ao Forno
Engenharia Agrícola;Engenharia de Processamento de Produtos Agrícolas;Massas para Cozedura ao Forno
Engenharia Agrícola;Engenharia de Processamento de Produtos Agrícolas;Equipamento para Preparo ou Processamento de Massas
Engenharia Agrícola;Engenharia de Processamento de Produtos Agrícolas;Matança de Animais
Engenharia Agrícola;Engenharia de Processamento de Produtos Agrícolas;Processamento de Aves Domésticas ou Peixes
Engenharia Agrícola;Engenharia de Processamento de Produtos Agrícolas;Beneficiamento da Carne
Engenharia Agrícola;Engenharia de Processamento de Produtos Agrícolas;Alimentos, Produtos Alimentícios ou Bebidas Não Alcoólicas
Engenharia Agrícola;Engenharia de Processamento de Produtos Agrícolas;Preparação, Tratamento ou Conservação de Alimentos, Produtos Alimentícios ou Bebidas Não Alcoólicas
Engenharia Agrícola;Engenharia de Processamento de Produtos Agrícolas;Tabaco
Engenharia Agrícola;Engenharia de Processamento de Produtos Agrícolas;Artigos para Fumantes
Engenharia Agrícola;Engenharia de Processamento de Produtos Agrícolas;Dispositivos Simuladores de Fumo
Engenharia Agrícola;Engenharia de Processamento de Produtos Agrícolas;Cigarros
Engenharia Agrícola;Engenharia de Processamento de Produtos Agrícolas;Charutos
Engenharia Agrícola;Engenharia de Processamento de Produtos Agrícolas;Processamento de Matérias Plásticas
Engenharia Agrícola;Engenharia de Processamento de Produtos Agrícolas;Processamento de Substâncias em Estado Plástico em Geral
Engenharia Agrícola;Engenharia de Processamento de Produtos Agrícolas;Produtos em Camadas
Engenharia Agrícola;Engenharia de Processamento de Produtos Agrícolas;Motores de Combustão
Engenharia Agrícola;Engenharia de Processamento de Produtos Agrícolas;Instalações de Motores a Gás Quente ou de Produtos de Combustão
Engenharia Agrícola;Engenharia de Água e Solo;Conhecimento em Novas Tecnologias
Engenharia Agrícola;Engenharia de Água e Solo;Engenharia de Água e Solo
Engenharia Agrícola;Engenharia de Água e Solo;Novas Tecnologias
Engenharia Agrícola;Engenharia de Água e Solo;Eliminação de Resíduos Sólidos
Engenharia Agrícola;Engenharia de Água e Solo;Recuperação de Solo Contaminado
Engenharia Agrícola;Máquinas e Implementos Agrícolas;Máquinas Agrícolas
Engenharia Agrícola;Máquinas e Implementos Agrícolas;Agricultura de Precisão
Engenharia Biomédica;Bioengenharia;Engenharia Química
Engenharia Biomédica;Bioengenharia;Nanotecnologia Voltada para o Uso na Biotecnologia
Engenharia Biomédica;Bioengenharia;Bioprocessos
Engenharia Biomédica;Engenharia Médica;Engenharia Médica
Engenharia Biomédica;Engenharia Médica;Próteses e Instrumentos Médicos
Engenharia Biomédica;Engenharia Médica;Novas Tecnologias
Engenharia Biomédica;Engenharia Médica;Biomédica e Ótica
Engenharia Civil;Construção Civil;Engenharia Civil
Engenharia Civil;Engenharia Hidráulica;Novas Tecnologias
Engenharia Civil;Engenharia Hidráulica;Pulverização ou Atomização em Geral
Engenharia Civil;Engenharia Hidráulica;Engenharia Hidráulica
Engenharia Civil;Engenharia Hidráulica;Terraplenagem
Engenharia Civil;Engenharia Hidráulica;Fundações
Engenharia Civil;Infra-Estrutura de Transportes;Definição da Estrutura Organizacional
Engenharia Elétrica;Telecomunicações;Técnica de Comunicação Elétrica
Engenharia Elétrica;Telecomunicações;Dispositivos Semicondutores
Engenharia Elétrica;Telecomunicações;Dispositivos Elétricos de Estado Sólido
Engenharia Elétrica;Circuitos Elétricos, Magnéticos e Eletrônicos;Medidas Elétricas
Engenharia Elétrica;Circuitos Elétricos, Magnéticos e Eletrônicos;Novas Tecnologias
Engenharia Elétrica;Circuitos Elétricos, Magnéticos e Eletrônicos;Magnéticas e Eletrônicas
Engenharia Elétrica;Circuitos Elétricos, Magnéticos e Eletrônicos;Instrumentação
Engenharia Elétrica;Circuitos Elétricos, Magnéticos e Eletrônicos;Circuitos Eletrônicos
Engenharia Elétrica;Eletrônica Industrial, Sistemas e Controles Eletrônicos;Sistemas Eletrônicos de Medida e de Controle
Engenharia Elétrica;Eletrônica Industrial, Sistemas e Controles Eletrônicos;Veículos e Equipamentos de Controle em Engenharia Elétrica
Engenharia Elétrica;Eletrônica Industrial, Sistemas e Controles Eletrônicos;Novas Tecnologias
Engenharia Elétrica;Materiais Elétricos;Semicondutores e Nanotecnologia
Engenharia Elétrica;Materiais Elétricos;Materiais Elétricos
Engenharia Elétrica;Materiais Elétricos;Elementos Elétricos
Engenharia Elétrica;"Medidas Elétricas, Magnéticas e Eletrônicas; Instrumentação";Novas Tecnologias
Engenharia Elétrica;"Medidas Elétricas, Magnéticas e Eletrônicas; Instrumentação";Instrumentação e Medida de Grandezas Físicas
Engenharia Elétrica;Sistemas Elétricos de Potência;Novas Tecnologias
Engenharia Elétrica;Telecomunicações;Processamento de Sinais de Áudio
Engenharia Elétrica;Telecomunicações;Processamento de Sinais e Imagens
Engenharia Elétrica;Telecomunicações;Novas Tecnologias
Engenharia Elétrica;Telecomunicações;Imagem e Vídeo
Engenharia Elétrica;Telecomunicações;Telecomunicações
Engenharia Mecânica;Fenômenos de Transporte;Ferrovias
Engenharia Mecânica;Fenômenos de Transporte;Veículos Terrestre
Engenharia Mecânica;Fenômenos de Transporte;Navios e Outras Embarcações
Engenharia Mecânica;Fenômenos de Transporte;Equipamento Correlato
Engenharia Mecânica;Fenômenos de Transporte;Aeronaves
Engenharia Mecânica;Fenômenos de Transporte;Cosmonáutica
Engenharia Mecânica;Fenômenos de Transporte;Aviação
Engenharia Mecânica;Fenômenos de Transporte;Transporte
Engenharia Mecânica;Fenômenos de Transporte;Manipulação de Material Delgado ou Filamentar
Engenharia Mecânica;Fenômenos de Transporte;Armazenamento
Engenharia Mecânica;Fenômenos de Transporte;Embalagem
Engenharia Mecânica;Fenômenos de Transporte;Içamento
Engenharia Mecânica;Fenômenos de Transporte;Rebocamento
Engenharia Mecânica;Fenômenos de Transporte;Levantamento
Engenharia Mecânica;Fenômenos de Transporte;Abertura ou Fechamento de Garrafas, Potes ou Recipientes Similares
Engenharia Mecânica;Fenômenos de Transporte;Manipulação de Líquidos
Engenharia Mecânica;Fenômenos de Transporte;Selaria
Engenharia Mecânica;Fenômenos de Transporte;Estofamento
Engenharia Mecânica;Mecânica dos Sólidos;Separação de Sólidos de Outros Sólidos
Engenharia Mecânica;Mecânica dos Sólidos;Selecionamento
Engenharia Mecânica;Mecânica dos Sólidos;Engenharia Mecânica
Engenharia Mecânica;Processos de Fabricação;Máquinas ou Motores em Geral
Engenharia Mecânica;Processos de Fabricação;Fabricação de Artigos de Papel, Papelão ou Material Trabalhado de Forma Análoga ao Papel
Engenharia Mecânica;Processos de Fabricação;Processamento do Papel, Papelão ou Material Trabalhado de Forma Análoga ao Papel
Engenharia Mecânica;Processos de Fabricação;Tecnologia de Fabricação Aditiva
Engenharia Mecânica;Processos de Fabricação;Fertilizantes
Engenharia Mecânica;Processos de Fabricação;Sua Fabricação
Engenharia Mecânica;Processos de Fabricação;Fabricação do Papel
Engenharia Mecânica;Processos de Fabricação;Produção da Celulose
Engenharia Mecânica;Processos de Fabricação;Aparelhos de Combustão
Engenharia Mecânica;Processos de Fabricação;Processos de Combustão
Engenharia Mecânica;Processos de Fabricação;Refrigeração ou Resfriamento
Engenharia Mecânica;Processos de Fabricação;Liquefação ou Solidificação de Gases
Engenharia Mecânica;Processos de Fabricação;Fabricação ou Armazenamento de Gelo
Engenharia Mecânica;Processos de Fabricação;Sistemas de Bombas de Calefação
Engenharia Mecânica;Processos de Fabricação;Sistemas Combinados de Aquecimento e Refrigeração
Engenharia Mecânica;Projetos de Máquinas;Engenharia Mecânica
Engenharia Mecânica;Projetos de Máquinas;Aquecimento
Engenharia Mecânica;Projetos de Máquinas;Iluminação
Engenharia Mecânica;Projetos de Máquinas;Aparelhos ou Máquinas Centrífugas para Efetuar Processos Físicos ou Químicos
Engenharia Mecânica;Projetos de Máquinas;Trituração, Pulverização ou Desintegração
Engenharia Mecânica;Projetos de Máquinas;Beneficiamento Preliminar do Grão para Moagem
Engenharia Mecânica;Projetos de Máquinas;Utensílios para Escrever ou Desenhar
Engenharia Mecânica;Projetos de Máquinas;Acessórios para Escritórios
Engenharia Mecânica;Projetos de Máquinas;Máquinas de Deslocamento Positivo para Líquidos
Engenharia Mecânica;Projetos de Máquinas;Bombas para Líquidos ou Fluidos Elásticos
Engenharia Mecânica;Projetos de Máquinas;Processos ou Aparelhos Físicos ou Químicos em Geral
Engenharia Mecânica;Projetos de Máquinas;Pulverização ou Atomização em Geral
Engenharia Mecânica;Projetos de Máquinas;Aplicação de Materiais Fluentes a Superfícies em Geral
Engenharia Mecânica;Projetos de Máquinas;Veículos em Geral
Engenharia Mecânica;Projetos de Máquinas;Portas, Janelas, Postigos ou Persianas de Enrolar em Geral
Engenharia Mecânica;Projetos de Máquinas;Escadas
Engenharia Mecânica;Projetos de Máquinas;Máquinas ou Motores em Geral
Engenharia Mecânica;Projetos de Máquinas;Máquinas a Vapor
Engenharia Mecânica;Projetos de Máquinas;Instalações de Motores em Geral
Engenharia Mecânica;Projetos de Máquinas;Atuadores por Pressão de Fluidos
Engenharia Mecânica;Projetos de Máquinas;Hidráulica ou Pneumática em Geral
Engenharia Mecânica;Projetos de Máquinas;Elementos ou Unidades de Engenharia
Engenharia Mecânica;Projetos de Máquinas;Isolamento Térmico em Geral
Engenharia Mecânica;Projetos de Máquinas;Medidas Gerais para Funcionamento de Máquinas ou Instalações
Engenharia Mecânica;Projetos de Máquinas;Máquinas-Ferramenta
Engenharia Mecânica;Projetos de Máquinas;Usinagem de Metal
Engenharia Mecânica;Projetos de Máquinas;Impressão
Engenharia Mecânica;Projetos de Máquinas;Carimbos
Engenharia Mecânica;Projetos de Máquinas;Máquinas de Escrever
Engenharia Mecânica;Projetos de Máquinas;Máquinas para Imprimir Linhas
Engenharia Mecânica;Projetos de Máquinas;Máquinas ou Motores para Líquidos
Engenharia Mecânica;Projetos de Máquinas;Produção de Força Mecânica ou de Empuxo Propulsivo por Reação
Engenharia Mecânica;Projetos de Máquinas;Motores Movidos a Vento, Molas, Pesos ou Outros
Engenharia Naval e Oceânica;Tecnologia de Construção Naval e de Sistemas Oceânicas;Construção de Rodovias, Ferrovias ou Pontes
Engenharia Nuclear;Fusão Controlada;Novas Tecnologias
Engenharia Nuclear;Tecnologia dos Reatores;Novas Tecnologias
Engenharia Nuclear;Tecnologia dos Reatores;Estabelecimento dos Canais de Relacionamento
Engenharia Nuclear;Tecnologia dos Reatores;Identificação dos Conhecimentos
Engenharia Nuclear;Tecnologia dos Reatores;Retenção e Proteção dos Conhecimentos
Engenharia Nuclear;Tecnologia dos Reatores;Definição dos Valores e Princípios
Engenharia Química;Operações Industriais e Equipamentos para Engenharia Química;Novas Tecnologias
Engenharia Química;Operações Industriais e Equipamentos para Engenharia Química;Ferramentas Manuais
Engenharia Química;Operações Industriais e Equipamentos para Engenharia Química;Manipuladores
Engenharia Química;Operações Industriais e Equipamentos para Engenharia Química;Equipamentos para Oficinas
Engenharia Química;Operações Industriais e Equipamentos para Engenharia Química;Cabos para Implementos Manuais
Engenharia Química;Operações Industriais e Equipamentos para Engenharia Química;Ferramentas Portáteis de Acionamento Mecânico
Engenharia Química;Processos Industriais de Engenharia Química;Processos Industriais e Equipamentos para Engenharia Química
Engenharia Química;Processos Industriais de Engenharia Química;Eletroquímica Avançada e em Processos de Separação
Engenharia Química;Processos Industriais de Engenharia Química;Processos Industriais de Engenharia Química
Engenharia Química;Processos Industriais de Engenharia Química;Processos de Separação
Engenharia Química;Tecnologia Química;Fitossanitários
Engenharia Química;Tecnologia Química;Impressão 3D
Engenharia Química;Tecnologia Química;Petróleo e Petroquímica
Engenharia Química;Tecnologia Química;Composição de Adesivos
Engenharia Química;Tecnologia Química;Composições de Detergentes
Engenharia Química;Tecnologia Química;Agroquímicos
Engenharia Química;Tecnologia Química;Detergentes
Engenharia Química;Tecnologia Química;Química Têxtil
Engenharia Química;Tecnologia Química;Acabamento e Fibras Sintéticas
Engenharia Química;Tecnologia Química;Formulações Agroquímicas
Engenharia Química;Tecnologia Química;Tecnologia de Moldes de Injeção e Aditivação de Polímeros
Engenharia Química;Tecnologia Química;Óleos
Engenharia Química;Tecnologia Química;Nanotecnologia
Engenharia Química;Tecnologia Química;Cimento
Engenharia Química;Tecnologia Química;Refratários
Engenharia Química;Tecnologia Química;Cerâmica
Engenharia Química;Tecnologia Química;Pedra Artificial
Engenharia Química;Tecnologia Química;Concreto
Engenharia Química;Tecnologia Química;Explosivos
Engenharia Química;Tecnologia Química;Fósforos
Engenharia Química;Tecnologia Química;Compostos Macromoleculares Orgânicos
Engenharia Química;Tecnologia Química;Composições Baseadas em Compostos Macromoleculares Orgânicos
Engenharia Química;Tecnologia Química;Preparação ou Processamento Químico de Compostos Macromoleculares Orgânicos
Engenharia Química;Tecnologia Química;Indústria do Açúcar
Engenharia Química;Tecnologia Química;Peles
Engenharia Química;Tecnologia Química;Peles Depiladas ou Couro
Engenharia Química;Tecnologia Química;Couro Cru
Engenharia Química;Tecnologia Química;Engenharia Química e Física
Engenharia Sanitária;Saneamento Ambiental;Desenvolvimento Ambiental
Engenharia Sanitária;Tratamento de Águas de Abastecimento e Residuárias;Novas Tecnologias Empregadas no Tratamento de Águas e Resíduos Líquidos
Engenharia Sanitária;Tratamento de Águas de Abastecimento e Residuárias;Tratamento de Águas e Resíduos Líquidos
Engenharia Sanitária;Tratamento de Águas de Abastecimento e Residuárias;Tratamento de Água, de Águas Residuais, de Esgotos ou de Lamas e Lodos
Engenharia Sanitária;Tratamento de Águas de Abastecimento e Residuárias;Abastecimento de Água
Engenharia Sanitária;Tratamento de Águas de Abastecimento e Residuárias;Sistemas de Esgotos
Engenharia de Materiais e Metalúrgica;Instalações e Equipamentos Metalúrgicos;Metalurgia
Engenharia de Materiais e Metalúrgica;Instalações e Equipamentos Metalúrgicos;Materiais e Mineração
Engenharia de Materiais e Metalúrgica;Materiais Não Metálicos;Separação de Materiais Sólidos Utilizando Líquidos ou Mesas ou Peneiras Pneumáticas
Engenharia de Materiais e Metalúrgica;Materiais Não Metálicos;Separação por Meio de Campos Elétricos de Alta-tensão
Engenharia de Materiais e Metalúrgica;Materiais Não Metálicos;Separação Magnética ou Eletrostática de Materiais Sólidos dos Materiais Sólidos ou Fluidos
Engenharia de Materiais e Metalúrgica;Materiais Não Metálicos;Corantes
Engenharia de Materiais e Metalúrgica;Materiais Não Metálicos;Aplicações de Materiais
Engenharia de Materiais e Metalúrgica;Materiais Não Metálicos;Composições
Engenharia de Materiais e Metalúrgica;Materiais Não Metálicos;Adesivos
Engenharia de Materiais e Metalúrgica;Materiais Não Metálicos;Resinas Naturais
Engenharia de Materiais e Metalúrgica;Materiais Não Metálicos;Polidores
Engenharia de Materiais e Metalúrgica;Materiais Não Metálicos;Tintas
Engenharia de Materiais e Metalúrgica;Materiais Não Metálicos;Revestimento de Materiais Metálicos
Engenharia de Materiais e Metalúrgica;Materiais Não Metálicos;Inibição da Corrosão de Materiais Metálicos ou Incrustação em Geral
Engenharia de Materiais e Metalúrgica;Materiais Não Metálicos;Revestimento por Evaporação a Vácuo, Pulverização Catódica, Implantação de Íons ou Deposição Química em Fase de Vapor
Engenharia de Materiais e Metalúrgica;Materiais Não Metálicos;Tratamento de Difusão de Materiais Metálicos
Engenharia de Materiais e Metalúrgica;Materiais Não Metálicos;Tratamento Químico de Superfícies
Engenharia de Materiais e Metalúrgica;Materiais Não Metálicos;Revestimento de Materiais com Materiais Metálicos
Engenharia de Materiais e Metalúrgica;Materiais Não Metálicos;Linhas ou Fibras Naturais ou Manufaturadas
Engenharia de Materiais e Metalúrgica;Materiais Não Metálicos;Fiação
Engenharia de Materiais e Metalúrgica;Materiais Não Metálicos;Fios
Engenharia de Materiais e Metalúrgica;Materiais Não Metálicos;Urdidura ou Tecedura
Engenharia de Materiais e Metalúrgica;Materiais Não Metálicos;Acabamento Mecânico de Fios ou Cordas
Engenharia de Materiais e Metalúrgica;Materiais Não Metálicos;Tecelagem
Engenharia de Materiais e Metalúrgica;Materiais Não Metálicos;Entrançamento
Engenharia de Materiais e Metalúrgica;Materiais Não Metálicos;Não Tecidos
Engenharia de Materiais e Metalúrgica;Materiais Não Metálicos;Passamanaria
Engenharia de Materiais e Metalúrgica;Materiais Não Metálicos;Malharia
Engenharia de Materiais e Metalúrgica;Materiais Não Metálicos;Fabricação de Renda
Engenharia de Materiais e Metalúrgica;Materiais Não Metálicos;Costuras
Engenharia de Materiais e Metalúrgica;Materiais Não Metálicos;Implantação de Tufos
Engenharia de Materiais e Metalúrgica;Materiais Não Metálicos;Bordados
Engenharia de Materiais e Metalúrgica;Materiais Não Metálicos;Tratamento de Têxteis ou Similares
Engenharia de Materiais e Metalúrgica;Materiais Não Metálicos;Materiais Flexíveis
Engenharia de Materiais e Metalúrgica;Materiais Não Metálicos;Lavanderia
Engenharia de Materiais e Metalúrgica;Materiais Não Metálicos;Cordas
Engenharia de Materiais e Metalúrgica;Materiais Não Metálicos;Cabos Não Elétricos
Engenharia de Materiais e Metalúrgica;Materiais Não Metálicos;Técnicas Elétricas
Engenharia de Materiais e Metalúrgica;Metalurgia Extrativa;Metalurgia Extrativa
Engenharia de Materiais e Metalúrgica;Metalurgia Fisica;Materiais e Componentes Semicondutores
Engenharia de Materiais e Metalúrgica;Metalurgia de Transformação;Fundição
Engenharia de Materiais e Metalúrgica;Metalurgia de Transformação;Metalurgia de Pó Metálico
Engenharia de Materiais e Metalúrgica;Metalurgia de Transformação;Metalurgia do Ferro
Engenharia de Materiais e Metalúrgica;Metalurgia de Transformação;Metalurgia
Engenharia de Materiais e Metalúrgica;Metalurgia de Transformação;Tratamento de Ligas ou de Metais Não-ferrosos
Engenharia de Materiais e Metalúrgica;Metalurgia de Transformação;Ligas Ferrosas ou Não-ferrosas
Engenharia de Materiais e Metalúrgica;Metalurgia de Transformação;Processos Eletrolíticos ou Eletroforéticos
Engenharia de Materiais e Metalúrgica;Metalurgia de Transformação;Aparelhos para Este Fim
Engenharia de Materiais e Metalúrgica;Metalurgia de Transformação;Crescimento de Cristais
Engenharia de Materiais e Metalúrgica;Metalurgia de Transformação;Metalurgia e Materiais
Engenharia de Materiais e Metalúrgica;Metalurgia de Transformação;Modelos de Utilidade
Engenharia de Materiais e Metalúrgica;Metalurgia de Transformação;Visão de Futuro
Engenharia de Materiais e Metalúrgica;Metalurgia de Transformação;Prestação de Contas
Engenharia de Materiais e Metalúrgica;Metalurgia de Transformação;Identificação de Novos Líderes e Sucessores
Engenharia de Materiais e Metalúrgica;Metalurgia de Transformação;Seleção de Novos Líderes e Sucessores
Engenharia de Materiais e Metalúrgica;Metalurgia de Transformação;Tomada de Decisão
Engenharia de Materiais e Metalúrgica;Metalurgia de Transformação;Incorporação de Novas Tecnologias
Engenharia de Minas;Pesquisa Mineral;Vidro
Engenharia de Minas;Pesquisa Mineral;Lã Mineral ou Lã de Escórias
Engenharia de Minas;Tratamento de Minérios;Manipulação de Cimento, Argila ou Pedra
Engenharia de Minas;Tratamento de Minérios;Fechaduras
Engenharia de Minas;Tratamento de Minérios;Cofres
Engenharia de Minas;Tratamento de Minérios;Guarnições de Janelas ou Portas
Engenharia de Minas;Tratamento de Minérios;Chaves
Engenharia de Minas;Tratamento de Minérios;Geração de Vapor
Engenharia de Minas;Tratamento de Minérios;Tratamento das Manifestações
Engenharia de Minas;Tratamento de Minérios;Tratamento de Impactos Ambientais
Engenharia de Produção;Engenharia do Produto;Equipamentos para Produção de Cigarros
Engenharia de Produção;Gerência de Produção;Produção ou Transmissão de Vibrações Mecânicas em Geral
Engenharia de Produção;Gerência de Produção;Produção, Conversão ou Distribuição de Energia Elétrica
Engenharia de Produção;Pesquisa Operacional;Promoção da Eficiência Operacional
Engenharia de Transportes;Operações de Transportes;Ferramentas Manuais de Corte
Engenharia de Transportes;Operações de Transportes;Operações de Dividir
Engenharia de Transportes;Operações de Transportes;Operações de Corte
Engenharia de Transportes;Veículos e Equipamentos de Controle;Veículos em Geral
Engenharia de Transportes;Veículos e Equipamentos de Controle;Veículos e Equipamentos de Controle em Engenharia Elétrica
Engenharia de Transportes;Veículos e Equipamentos de Controle;Novas Tecnologias
Farmacologia;Farmacologia Geral;Nanotecnologia Aplicada à Cosmetologia
Farmacologia;Farmacologia Geral;Nutricosméticos
Farmacologia;Farmacologia Geral;Cosmetologia
Farmácia;Bromatologia;Farmácia
Filosofia;Ética;Conduta Ética
Física;Física Atômica e Molécular;Instrumentação e Técnicas
Física;Física Geral;Acústica
Física;Física Geral;Ótica
Física;Física Geral;Medição
Física;Física Geral;Teste
Física;Física Geral;Óptica
Física;Física Geral;Fotografia
Física;Física Geral;Holografia
Física;Física Geral;Eletrografia
Física;Física Geral;Técnicas de Utilização de Ondas Não Ópticas
Física;Física Geral;Cinematografia
Física;Física Geral;Horologia
Física;Física Geral;Controle
Física;Física Geral;Regulagem
Física;Física Geral;Cômputo
Física;Física Geral;Cálculo ou Contagem
Física;Física Geral;Dispositivos de Teste
Física;Física Geral;Sinalização
Física;Física Geral;Instrumentos Musicais
Física;Física Geral;Armazenamento de Informações
Física;Física Geral;Detalhes de Instrumentos
Física;Física Nuclear;Métodos Experimentais e Instrumentação para Partículas Elementares e Física Nuclear
Física;Física Nuclear;Física Nuclear
Física;Física Nuclear;Engenharia Nuclear
Física;Física das Partículas Elementares e Campos;Tecnologia da Informação e Comunicação Adaptada a Campos de Aplicação Específicos
Física;Física dos Fluidos, Física de Plasmas e Descargas Elétricas;Novas Tecnologias
Genética;Genética Humana e Médica;Manipulação de DNA e RNA
Genética;Genética Vegetal;Genética Molecular de Plantas
GeoCiências;Geofísica;Desenvolvimento de Instrumentação Geofísica
GeoCiências;Geografia Física;Geografia Física
GeoCiências;Geologia;Geologia
GeoCiências;Meteorologia;Instrumentação Meteorológica
História;História das Ciências;Tecnologia das Microestruturas
História;História das Ciências;Nanotecnologia
História;História das Ciências;Definição das Partes Interessadas
História;História das Ciências;Identificação das Necessidades e Expectativas das Partes Interessadas
História;História das Ciências;Definição dos Requisitos das Partes Interessadas
História;História das Ciências;Formulação das Estratégias
História;História das Ciências;Implementação das Estratégias
História;História das Ciências;Estruturação das Informações
História;História das Ciências;Monitoramento das Decisões
Imunologia;Imunogenética;Imunologia Veterinária
Letras;Língua Portuguesa;Letras
Letras;Língua Portuguesa;Redação Oficial
Letras;Línguas Estrangeiras Modernas;Espanhol
Letras;Línguas Estrangeiras Modernas;Francês
Letras;Línguas Estrangeiras Modernas;Inglês
Linguística;Linguística Aplicada;Fonética
Linguística;Linguística Aplicada;Linguística
Linguística;Linguística Aplicada;Idiomas
Linguística;Linguística Aplicada;Linguística Aplicada ao Exame de Pedidos de Registro de Marcas
Matemática;Análise;Análise de Mercado
Matemática;Análise;Análise e Melhoria de Processos
Medicina Veterinária;Inspeção de Produtos de Origem Animal;Inspeção
Microbiologia;Biologia e Fisiologia dos Microorganismos;Virologia e Biologia de Vírus
Microbiologia;Biologia e Fisiologia dos Microorganismos;Virologia e Parasitologia Veterinária
Nutrição;Desnutrição e Desenvolvimento Fisiológico;Autoconhecimento e Desenvolvimento Pessoal
Nutrição;Desnutrição e Desenvolvimento Fisiológico;Desenvolvimento de Mercado
Nutrição;Desnutrição e Desenvolvimento Fisiológico;Desenvolvimento de Fornecedores
Nutrição;Desnutrição e Desenvolvimento Fisiológico;Desenvolvimento das Pessoas
Nutrição;Desnutrição e Desenvolvimento Fisiológico;Desenvolvimento de Novos Líderes e Sucessores
Nutrição;Desnutrição e Desenvolvimento Fisiológico;Desenvolvimento das Competências Essenciais
Nutrição;Desnutrição e Desenvolvimento Fisiológico;Desenvolvimento dos Conhecimentos
Odontologia;Ortodontia;Cementos Dentários
Probabilidade e Estatística;Estatística;Pesquisas de Mercado e Opinião
Psicologia;Psicologia Cognitiva;Técnica de Leitura
Psicologia;Psicologia Social;Psicologia da Percepção Aplicáveis ao Exame de Marcas
Psicologia;Psicologia do Trabalho e Organizacional;Gestão do Tempo e Produtividade
Psicologia;Tratamento e Prevenção Psicológica;Prevenção de Impactos Ambientais
Química;Fisico-Química;Cinética Química e Catálise
Química;Fisico-Química;Eletroquímica Avançada
Química;Química Analítica;Métodos Óticos de Análise
Química;Química Inorgânica;Química Inorgânica
Química;Química Orgânica;Síntese Orgânica
Química;Química Orgânica;Engenharia Química e Processos Orgânicos
Química;Química Orgânica;Fotoquímica Orgânica
Química;Química Orgânica;Química Orgânica
Recursos Florestais e Engenharia Florestal;Energia de Biomassa Florestal;Novas Tecnologias
Recursos Florestais e Engenharia Florestal;Tecnologia e Utilização de Produtos Florestais;Utilização dos Conhecimentos
Recursos Pesqueiros e Engenharia de Pesca;Engenharia de Pesca;Agricultura
Recursos Pesqueiros e Engenharia de Pesca;Engenharia de Pesca;Pesca
Recursos Pesqueiros e Engenharia de Pesca;Engenharia de Pesca;Captura em Armadilhas
Recursos Pesqueiros e Engenharia de Pesca;Engenharia de Pesca;Caça
Recursos Pesqueiros e Engenharia de Pesca;Engenharia de Pesca;Pecuária
Recursos Pesqueiros e Engenharia de Pesca;Engenharia de Pesca;Silvicultura
Saúde Coletiva;Saúde Publica;Ciência Médica ou Veterinária
Saúde Coletiva;Saúde Publica;Higiene
Saúde Coletiva;Saúde Publica;Salvamento
Saúde Coletiva;Saúde Publica;Combate ao Fogo
Saúde Coletiva;Saúde Publica;Esportes
Saúde Coletiva;Saúde Publica;Recreação
Saúde Coletiva;Saúde Publica;Jogos
Saúde Coletiva;Saúde Publica;Segurança das Pessoas
Saúde Coletiva;Saúde Publica;Complexo Econômico e Industrial da Saúde
Serviço Social;Fundamentos do Serviço Social;Desenvolvimento Social
Serviço Social;Fundamentos do Serviço Social;Desenvolvimento de Produto e Serviço
Zootecnia;Genética e Melhoramento dos Animais Domésticos;Vestuário
Zootecnia;Genética e Melhoramento dos Animais Domésticos;Chapéus
Zootecnia;Genética e Melhoramento dos Animais Domésticos;Calçados
Zootecnia;Genética e Melhoramento dos Animais Domésticos;Artigos de Armarinho
Zootecnia;Genética e Melhoramento dos Animais Domésticos;Bijuteria
Zootecnia;Genética e Melhoramento dos Animais Domésticos;Artigos Portáteis ou de Viagem
Zootecnia;Genética e Melhoramento dos Animais Domésticos;Escovas
Zootecnia;Genética e Melhoramento dos Animais Domésticos;Móveis
Zootecnia;Genética e Melhoramento dos Animais Domésticos;Aspiradores em Geral
Zootecnia;Genética e Melhoramento dos Animais Domésticos;Moinhos de Especiaria
Zootecnia;Genética e Melhoramento dos Animais Domésticos;Moinhos de Café
Zootecnia;Genética e Melhoramento dos Animais Domésticos;Artigos ou Aparelhos Domésticos
Zootecnia;Genética e Melhoramento dos Animais Domésticos;Óleos Animais ou Vegetais
Zootecnia;Genética e Melhoramento dos Animais Domésticos;Gorduras
Zootecnia;Genética e Melhoramento dos Animais Domésticos;Substâncias Graxas ou Ceras
Zootecnia;Genética e Melhoramento dos Animais Domésticos;Velas
Zootecnia;Genética e Melhoramento dos Animais Domésticos;Detergentes
Zootecnia;Genética e Melhoramento dos Animais Domésticos;Ácidos Graxos Derivados de Óleos Animais ou Vegetais, Gosduras, Substâncias Graxas ou Ceras
Zootecnia;Nutrição e Alimentação Animal;Alimentação Animal
Zootecnia;Produção Animal;Tecnologias
Zootecnia;Produção Animal;Produção Animal
Zootecnia;Produção Animal;Processos e Equipamentos para Produção Animal
